nct_id,brief_title,overall_status,phase,enrollment,sponsor,interventions,primary_outcomes,countries,study_start,primary_completion,last_update_posted,source_url,retrieved_at
NCT04281576,"Effect of Tumor Treating Fields (TTFields, 150 KHz) Concomitant with Chemotherapy As First Line Treatment of Unresectable Gastroesophageal Junction or Gastric Adenocarcinoma",COMPLETED,NA,28,NovoCure Ltd.,NovoTTF-100L(P); Oxaliplatin; Capecitabine; Trastuzumab,Objective response rate,Hong Kong,2019-12-19,2024-06-07,,https://clinicaltrials.gov/study/NCT04281576,2026-09-14T00:38:49.700018+00:00
NCT04385550,A Study of Anlotinib Hydrochloride Capsule Combined With AK105 Injection in Subject With Advanced Gastric and Gastro-oesophageal Junction Adenocarcinoma,UNKNOWN,PHASE3,528,"Chia Tai Tianqing Pharmaceutical Group Co., Ltd.",Anlotinib hydrochloride capsule; AK105 injection; Paclitaxel injection; Docetaxel injection,Overall survival (OS),China,2020-05-20,2023-10-31,,https://clinicaltrials.gov/study/NCT04385550,2026-09-14T00:38:49.700083+00:00
NCT04152018,Study of PF-06940434 in Patients With Advanced or Metastatic Solid Tumors.,TERMINATED,PHASE1,85,Pfizer,PF-06940434; PF-06801591,Number of participants with Dose-limiting toxicities (DLT) for Dose Escalation and Dose Finding; Number of Participants With Clinically Significant Change From Baseline in Laboratory Abnormalities; Number of Participants With Adverse Events (AEs) According to Severity; Number of Participants With Adverse Events (AEs) According to Seriousness; Number of Participants With Adverse Events (AEs) by Relationship; Progression-Free Survival (PFS) for Dose Expansion; Objective Response Rate - Percentage of Participants With Objective Response in Dose Expansion; Duration of Response (DR) for Dose Expansion,Australia; Slovakia; South Korea; Taiwan; United States,2019-11-13,2024-12-10,,https://clinicaltrials.gov/study/NCT04152018,2026-09-14T00:38:49.700101+00:00
NCT04041310,Nous-209 Genetic Vaccine for the Treatment of Microsatellite Unstable Solid Tumors,ACTIVE_NOT_RECRUITING,PHASE1; PHASE2,115,Nouscom SRL,"GAd-209-FSP low dose; MVA-209-FSP low dose; GAd-209-FSP high dose; MVA-209-FSP high dose; GAd20-209-FSP, RP2D; MVA-209-FSP, RP2D; KEYTRUDA®","Toxicity (DLT assessment), in Phase I, Cohort A; Safety and Tolerability, in Phase I, Cohort A and B.; Overall Response Rate (ORR) at any time during the study, in Phase II (Cohort C and D).",Belgium; Canada; Italy; Spain; United Kingdom; United States,2019-10-21,2026-10-30,,https://clinicaltrials.gov/study/NCT04041310,2026-09-14T00:38:49.700116+00:00
NCT02697838,Clinical Trial of Apatinib Reverses Chemotherapy-Resistance of Patients With Advanced Gastric Cancer,UNKNOWN,PHASE2,20,Fujian Cancer Hospital,Apatinib; Paclitaxel-based chemotherapeutic regimens,disease control rate(DCR),China,2016-08-01,2018-03-31,,https://clinicaltrials.gov/study/NCT02697838,2026-09-14T00:38:49.700123+00:00
NCT04140526,"Safety, PK and Efficacy of ONC-392 in Monotherapy and in Combination of Anti-PD-1 in Advanced Solid Tumors and NSCLC",ACTIVE_NOT_RECRUITING,PHASE1; PHASE2,733,"OncoC4, Inc.",ONC-392; Pembrolizumab; Docetaxel,Dose limiting toxicity (DLT) in monotherapy; Maximal tolerable dose (MTD) in monotherapy; Recommended Phase II Dose (RP2D); Rate of treatment related adverse events (TRAE) according to CTCAE v5.0,Australia; United States,2020-09-16,2026-06-30,,https://clinicaltrials.gov/study/NCT04140526,2026-09-14T00:38:49.700135+00:00
NCT00842491,Study of Endostar With Cisplatin and Capecitabine as 1st Line Treatment in the Advanced Gastric Cancer,COMPLETED,PHASE2,45,Peking University,"endostar, cisplatin, capecitabine; capecitabine; cisplatin",Progression free survival,China,2008-11,2010-04,,https://clinicaltrials.gov/study/NCT00842491,2026-09-14T00:38:49.700141+00:00
NCT00595985,Sorafenib as a Second Line Treatment in Patients With Advanced or Metastatic Gastric Cancer,TERMINATED,PHASE2,5,Fudan University,sorafenib,time to progression,China,2007-07,2009-01,,https://clinicaltrials.gov/study/NCT00595985,2026-09-14T00:38:49.700146+00:00
NCT03342417,"Combination of Nivolumab and Ipilimumab in Breast, Ovarian and Gastric Cancer Patients",TERMINATED,PHASE2,5,ExcellaBio LLC,Nivolumab; Ipilimumab,Number of participants with treatment-related adverse events as assessed by CTCAE v4.0; Clinical Response,United States,2018-02-14,2019-05-29,,https://clinicaltrials.gov/study/NCT03342417,2026-09-14T00:38:49.700153+00:00
NCT02789891,Randomized Controlled Trials on Laparoscopic No. 14v LNS Dissection,UNKNOWN,NA,326,Fujian Medical University,D2 lymphadenectomy including No. 14v; lymphadenectomy excluding No. 14v,3-year disease overall survival rate,,2016-06,2021-12,,https://clinicaltrials.gov/study/NCT02789891,2026-09-14T00:38:49.700159+00:00
NCT01980810,First Line Chemotherapy for Advanced Cancer,TERMINATED,PHASE2,36,Chinese Academy of Medical Sciences,albumin-bounded paclitaxel; S-1,response rate,China,2013-09,2015-02,,https://clinicaltrials.gov/study/NCT01980810,2026-09-14T00:38:49.700168+00:00
NCT07066657,A Study of MRG007 (ARR-217) in Patients With Advanced Solid Tumors,RECRUITING,PHASE1,572,"ArriVent BioPharma, Inc.",MRG007; MRG007 and Bevacizumab,Dose Limiting Toxicity (DLT) - Phase Ia; Serious Adverse Events (SAEs); Treatment-Emergent Adverse Event (TEAE); Treatment-Related Adverse Event; Objective Response Rate (ORR) as assessed by investigator - Phase Ib,China; United States,2025-07-25,2028-03,,https://clinicaltrials.gov/study/NCT07066657,2026-09-14T00:38:49.700178+00:00
NCT04082364,"Combination Margetuximab, Retifanlimab, Tebotelimab, and Chemotherapy Phase 2/3 Trial in HER2+ Gastric/GEJ Cancer",COMPLETED,PHASE2; PHASE3,82,MacroGenics,margetuximab; Retifanlimab; Tebotelimab; Trastuzumab; Chemotherapy,"Number of Participants With Adverse Events of Margetuximab Plus Retifanlimab in Cohort A, as Assessed by CTCAE v5.0; Objective Response Rate (ORR) for Non-microsatellite Instability-high (Non-MSI-H) Participants (Cohort A) Using Investigator-assessed Radiology Reviews",China; Germany; Italy; Poland; Singapore; South Korea; Taiwan; United Kingdom; United States,2019-09-30,2024-01-15,,https://clinicaltrials.gov/study/NCT04082364,2026-09-14T00:38:49.700193+00:00
NCT03427684,Study of Hypo-fractionated Neoadjuvant Radiotherapy for Locally Advanced Gastric Cancer,UNKNOWN,PHASE1; PHASE2,18,Chinese Academy of Medical Sciences,Hypo-fractionated radiotherapy; S1,Maximum tolerated dose AND Dose limited toxicity,China,2016-05-01,2016-12-31,,https://clinicaltrials.gov/study/NCT03427684,2026-09-14T00:38:49.700199+00:00
NCT00991952,Irinotecan Hydrochloride With or Without Alvocidib in Treating Patients With Advanced Stomach or Gastroesophageal Junction Cancer That Cannot Be Removed By Surgery,COMPLETED,PHASE2,19,National Cancer Institute (NCI),alvocidib; irinotecan hydrochloride; laboratory biomarker analysis,Overall Response Rate,United States,2009-09,2012-02,,https://clinicaltrials.gov/study/NCT00991952,2026-09-14T00:38:49.700205+00:00
NCT06926374,Prospective Evaluation of Cornerstone Robotics Sentire Surgical System in Major Gastrointestinal and Urologic Surgery,RECRUITING,NA,90,Chinese University of Hong Kong,Robotic surgery using the Sentire Surgical System,Conversion rate; Perioperative complications,China,2025-03-25,2027-04,,https://clinicaltrials.gov/study/NCT06926374,2026-09-14T00:38:49.700211+00:00
NCT07241715,Conversion Surgery for Gastric Cancer With Peritoneal Metastases (CONVERGENCE),ACTIVE_NOT_RECRUITING,PHASE2; PHASE3,300,"National University Hospital, Singapore",Conversion Surgery; Systemic Therapy/Standard of Care,Overall Survival (OS),Singapore,2026-02-21,2034-01,,https://clinicaltrials.gov/study/NCT07241715,2026-09-14T00:38:49.700217+00:00
NCT05800418,Clinical Study to Compare the Pharmacokinetics and Safety of Ramucirumab Injection With Cyramza ® in Healthy Male Volunteers,COMPLETED,PHASE1,88,"Chia Tai Tianqing Pharmaceutical Group Co., Ltd.",Ramucirumab Injection; Ramucirumab Injection [Cyramza],Area under drug concentration - time curve (AUC0-t),China,2019-11-04,2020-02-18,,https://clinicaltrials.gov/study/NCT05800418,2026-09-14T00:38:49.700223+00:00
NCT04985084,Development and Testing of a Social Cognitive Theory-based Dietary Behavioral Intervention in Gastric Cancer Survivors,COMPLETED,NA,35,The Hong Kong Polytechnic University,The intervention group; Usual care,Feasibility outcome: time to complete the recruitment; Feasibility outcome: eligibility rate; Feasibility outcome: recruitment rate; Feasibility outcome: retention rate; Feasibility outcome: attendance rate; Acceptability outcome: participants' satisfaction and perspectives of the intervention,China,2022-01-12,2022-06-15,,https://clinicaltrials.gov/study/NCT04985084,2026-09-14T00:38:49.700229+00:00
NCT02130752,Ultrasonic Scalpel vs. Monopolar Electrocautery for D2 Distal Gastric Carcinoma Surgery,UNKNOWN,NA,430,West China Hospital,Monopolar electrocautery; Ultrasonic scalpel,Surgical duration,China,2014-10,2019-10,,https://clinicaltrials.gov/study/NCT02130752,2026-09-14T00:38:49.700235+00:00
NCT04834778,A Study of HC-5404-FU to Establish the Maximum Tolerated Dose (MTD),COMPLETED,PHASE1,23,"HiberCell, Inc.",HC-5404-FU,"Determination of MTD of HC-5404-FU; Occurrence of dose-limiting toxicities (DLTs); Incidence and severity of treatment-emergent adverse events (TEAEs) and treatment related TEAEs according to National Cancer Institute Common Terminology Criteria for Adverse Events (NCI CTCAE) v 5.0; Incidence of TEAEs leading to premature discontinuation; Incidence of significant laboratory abnormalities, based on hematology, serum chemistry, and urinalysis test results; Incidence of abnormalities observed in 12 lead ECG parameters; Incidence of abnormalities observed in vital signs measurements and physical examinations",United States,2021-06-08,2023-12-07,,https://clinicaltrials.gov/study/NCT04834778,2026-09-14T00:38:49.700242+00:00
NCT00601510,"Imatinib, Capecitabine, and Cisplatin in Treating Patients With Unresectable or Metastatic Stomach Cancer",COMPLETED,PHASE1,38,Technical University of Munich,capecitabine; cisplatin; imatinib mesylate,Safety; Tolerability; Overall tumor response as assessed by RECIST,Germany,2007-11,2011-01,,https://clinicaltrials.gov/study/NCT00601510,2026-09-14T00:38:49.700248+00:00
NCT01882933,D2 Resection and HIPEC (Hyperthermic Intraperitoneal Chemoperfusion) in Locally Advanced Gastric Carcinoma,COMPLETED,PHASE3,367,Hospices Civils de Lyon,HIPEC (Hyperthermic Intraperitoneal Chemoperfusion) with oxaliplatin; Curative gastrectomy,Overall survival,France; Spain,2013-06-24,2026-06-30,,https://clinicaltrials.gov/study/NCT01882933,2026-09-14T00:38:49.700257+00:00
NCT06649474,"Evaluation, in Humans, of the Correlation Between Hepatotoxicity, Neurotoxicity Induced by Oxaliplatin, and Blood Levels of HMGB1",RECRUITING,NA,100,"University Hospital, Clermont-Ferrand",assess the serum HMGB1 concentrations before and after an oxaliplatin-based chemotherapy,Serum HMGB1 concentrations,France,2024-09-06,2028-06-30,,https://clinicaltrials.gov/study/NCT06649474,2026-09-14T00:38:49.700263+00:00
NCT04032353,Medical Consortium for Screening Upper Gastrointestinal Cancers With Magnetically Controlled Capsule Gastroscopy,UNKNOWN,NA,10000,Yanqing Li,Medical Consortium,"the incidence of upper gastrointestinal cancers, including gastric cancer and esophageal cancer.",China,2018-12-31,2019-12-31,,https://clinicaltrials.gov/study/NCT04032353,2026-09-14T00:38:49.700269+00:00
NCT00539877,Phase I Study of Interperitoneal Chenotherapy in Patients With Gastric Adenocarainoma With Peritoneal Seeding,COMPLETED,PHASE1,17,Samsung Medical Center,irinotecan,"The objectives of this study are to assess the feasibility, to determine the maximum tolerated dose, and to assess the toxicities of intraperitoneally administered CPT-11 in gastric cancer patients with peritoneal seeding.",South Korea,2004-10,2006-12,,https://clinicaltrials.gov/study/NCT00539877,2026-09-14T00:38:49.700274+00:00
NCT04963088,Tislelizumab Combined With Anlotinib and Chemotherapy (XELOX) in the Treatment of Advanced Gastric or Gastroesophageal Junction Adenocarcinoma (TALENT),COMPLETED,PHASE1; PHASE2,65,The First Affiliated Hospital with Nanjing Medical University,BGB-A317; Anlotinib; Oxaliplatin; Capecitabine,MTD; ORR,China,2021-03-06,2024-03-15,,https://clinicaltrials.gov/study/NCT04963088,2026-09-14T00:38:49.700281+00:00
NCT07464756,SHR-1701 With or Without Apatinib in Combination With Chemotherapy as Neoadjuvant Therapy for Gastric Cancer,RECRUITING,PHASE2,80,The First Affiliated Hospital with Nanjing Medical University,SHR-1701; apatinib; S-1 & Oxaliplatin,Pathological Complete Response (pCR),China,2026-04-03,2028-05-31,,https://clinicaltrials.gov/study/NCT07464756,2026-09-14T00:38:49.700287+00:00
NCT05008783,A Study of AK104 in the First-line Treatment of Locally Advanced Unresectable or Metastatic G/GEJ Adenocarcinoma,COMPLETED,PHASE3,610,Akeso,AK104; Placebo,Overall Survival (os),China,2021-09-17,2024-12-06,,https://clinicaltrials.gov/study/NCT05008783,2026-09-14T00:38:49.700293+00:00
NCT04098796,PD-1 Antibody + XELOX in 1st Line Serum A-fetoprotein (AFP)-Elevated Gastric or Gastroesophageal Junction Adenocarcinoma,UNKNOWN,PHASE2,30,"China Medical University, China",Anti-PD-1 antibody; XELOX,Objective response rate (ORR),China,2019-10-01,2021-09-30,,https://clinicaltrials.gov/study/NCT04098796,2026-09-14T00:38:49.700298+00:00
NCT02567396,Talazoparib in Treating Patients With Advanced or Metastatic Solid Tumors That Cannot Be Removed by Surgery and Liver or Kidney Dysfunction,WITHDRAWN,PHASE1,0,National Cancer Institute (NCI),Laboratory Biomarker Analysis; Pharmacological Study; Talazoparib,"Incidence of toxicity, graded according to the National Cancer Institute (NCI) CTCAE version 4.03; Recommended phase 2 dose of talazoparib, graded according to NCI CTCAE version 4.0; Tolerability of talazoparib in patients with varying degrees of hepatic and renal dysfunction",,2016-06,2018-10,,https://clinicaltrials.gov/study/NCT02567396,2026-09-14T00:38:49.700305+00:00
NCT01747551,FOLFOX +/- Ziv-Aflibercept for Esophageal and Gastric Cancer,COMPLETED,PHASE2,64,Dana-Farber Cancer Institute,Oxaliplatin; Leucovorin; Fluorouracil; Ziv-aflibercept,6-month Progression-free Survival (PFS),United States,2013-01,2016-11-29,,https://clinicaltrials.gov/study/NCT01747551,2026-09-14T00:38:49.700311+00:00
NCT03515941,Postoperative Chemoradiation or Chemotherapy After Preoperative Chemotherapy for Gastric Cancers,TERMINATED,EARLY_PHASE1,6,Tannaz Armaghany,Oxaliplatin; Capecitabine; Leucovorin; 5-fluorouracil; radiation,Number of Participants Who Complete the Recommended Therapy From Each Arm,United States,2018-06-22,2020-03-17,,https://clinicaltrials.gov/study/NCT03515941,2026-09-14T00:38:49.700318+00:00
NCT05812495,Minimally Invasive Intrathoracic Esophagogastric Side to Side Anastomosis vs. End to Side Anastomosis,UNKNOWN,NA,402,Tianjin Medical University Cancer Institute and Hospital,Esophagogastric Side to Side Anastomosis; Esophagogastric End to Side Anastomosis,The rate of anastomotic leakage within 3 months after operation,China,2023-03-01,2024-12-31,,https://clinicaltrials.gov/study/NCT05812495,2026-09-14T00:38:49.700324+00:00
NCT07807956,"A Study to Assess Adverse Events, Change in Disease Activity and How Intravenous ABBV-253 Moves Through the Body in Adult Participants With Advanced Solid Tumors",NOT_YET_RECRUITING,PHASE1,130,AbbVie,ABBV-253,Number of Participants With Adverse Events; Number of Participants with Abnormal Change from Baseline in Clinical Laboratory Test Results; Number of Participants with Abnormal Change From Baseline in Vital Sign Measurements; Number of Participants with Change from Baseline in Electrocardiogram (ECG); Objective Response (OR),,2026-09-01,2029-12,,https://clinicaltrials.gov/study/NCT07807956,2026-09-14T00:38:49.700331+00:00
NCT06748872,"EPITOME-1015-I: a Study to Investigate the Safety and Tolerability of MDG1015 in Patients with Epithelial Ovarian Cancer, Gastroesophageal Adenocarcinoma, Round Cell Liposarcoma And/or Synovial Sarcoma",NOT_YET_RECRUITING,PHASE1,55,Medigene AG,Lymphodepletion; TCR-T cells (MDG1015),DE Segment: Adverse Events and Dose Limiting Toxicities (Safety and Tolerability); Exp Segment: Adverse Events (Safety),United States,2025-07-01,2027-12-01,,https://clinicaltrials.gov/study/NCT06748872,2026-09-14T00:38:49.700337+00:00
NCT03652077,A Safety and Tolerability Study of INCAGN02390 in Select Advanced Malignancies,COMPLETED,PHASE1,40,Incyte Corporation,INCAGN02390,Number of treatment-emergent adverse events; Maximum tolerated dose or pharmacologically active dose (PAD) of INCAGN02390 (Part 1 only),United States,2018-09-24,2021-08-18,,https://clinicaltrials.gov/study/NCT03652077,2026-09-14T00:38:49.700344+00:00
NCT03554395,Study of Activated Cytokine-induced Killer Armed With Bispecific Antibody for Advanced Gastric Cancer,WITHDRAWN,PHASE2,0,"Fuda Cancer Hospital, Guangzhou",Activated CIK and CD3-MUC1 Bispecific Antibody in Treating Gastric cancer; Cryotherapy,Objective response rate,China,2018-04-05,2020-05-20,,https://clinicaltrials.gov/study/NCT03554395,2026-09-14T00:38:49.700350+00:00
NCT00003151,Antibiotic Therapy in Treating Patients With Low Grade Gastric Lymphoma,COMPLETED,PHASE2,96,European Organisation for Research and Treatment of Cancer - EORTC,bismuth subcitrate; amoxicillin; clarithromycin; metronidazole hydrochloride; omeprazole; tetracycline hydrochloride,,United Kingdom,1997-09,1998-10,,https://clinicaltrials.gov/study/NCT00003151,2026-09-14T00:38:49.700360+00:00
NCT07481357,A First-In-Human Phase I/IIa Study to Evaluate DA 3501 in Patients With Advanced Gastric or Gastro-esophageal Junction Adenocarcinoma and Pancreatic Ductal Adenocarcinoma,RECRUITING,PHASE1,51,"Dong-A ST Co., Ltd.",DA-3501,Maximum Tolerated Dose (MTD) based on Dose-Limiting Toxicities (DLTs) during Cycle 1; Optimal Biological Effective Dose (OBED) Based on best Overall Response Rate (ORR),South Korea,2026-05-18,2028-02,,https://clinicaltrials.gov/study/NCT07481357,2026-09-14T00:38:49.700366+00:00
NCT00033657,Radiation Therapy and Chemotherapy Before and After Surgery in Treating Patients With Esophageal Cancer,COMPLETED,PHASE2,97,Eastern Cooperative Oncology Group,cisplatin; irinotecan hydrochloride; paclitaxel; conventional surgery; radiation therapy,Pathologic Complete Response Rate,United States,2002-08-15,2009-09,,https://clinicaltrials.gov/study/NCT00033657,2026-09-14T00:38:49.700373+00:00
NCT02420795,Akt/ERK Inhibitor ONC201 in Treating Patients With Relapsed or Refractory Non-Hodgkin's Lymphoma,TERMINATED,PHASE1; PHASE2,16,M.D. Anderson Cancer Center,Akt/ERK Inhibitor ONC201; Laboratory Biomarker Analysis; Pharmacological Study,Recommended Phase 2 Dose (RP2D) (Phase I); Number of Participants With Overall Response Rate (Phase 1 and 2),United States,2015-11-03,2020-11-16,,https://clinicaltrials.gov/study/NCT02420795,2026-09-14T00:38:49.700380+00:00
NCT05687357,Tislelizumab in Combination With Pre-operative CRT Versus SOC for Locally Advanced G/GEJ Adenocarcinoma,RECRUITING,PHASE2,140,The Affiliated Nanjing Drum Tower Hospital of Nanjing University Medical School,Tislelizumab; S-1; Oxaliplatin; Nab paclitaxel; Radiation,Pathological Complete Response (pathCR) Rate,China,2023-03-15,2027-02-28,,https://clinicaltrials.gov/study/NCT05687357,2026-09-14T00:38:49.700388+00:00
NCT00003157,Radiation Therapy and Chemotherapy in Treating Patients With Cancer of the Pancreas or Stomach,COMPLETED,PHASE1,26,Alliance for Clinical Trials in Oncology,cisplatin; gemcitabine hydrochloride; radiation therapy,Maximum tolerated dose,United States,1998-02,2003-05,,https://clinicaltrials.gov/study/NCT00003157,2026-09-14T00:38:49.700395+00:00
NCT04384601,Dragon III-Phase 3: Neoadjuvant Chemotherapy (FLOT Versus SOX) for Gastric Cancer,NOT_YET_RECRUITING,PHASE3,246,Ruijin Hospital,Chemotherapy,Total Percentage of Patients With Pathological Complete Tumor Regression (TRG1a) and Sub-total Tumor Regression (TRG1b) in the Primary Tumour,China,2021-09,2022-09,,https://clinicaltrials.gov/study/NCT04384601,2026-09-14T00:38:49.700401+00:00
NCT01441336,Laparoscopic Gastrectomy for Advanced Gastric Cancer,COMPLETED,PHASE2,204,Seoul National University Bundang Hospital,Laparoscopic gastrectomy,3 year recurrence free survival,South Korea,2008-11,2012-07,,https://clinicaltrials.gov/study/NCT01441336,2026-09-14T00:38:49.700408+00:00
NCT06519591,"Systemic Application of Cadonilimab, LM-302, and S-1 Combined With Intraperitoneal Infusion of Paclitaxel for the Treatment of Claudin 18.2-positive Gastric Cancer With Peritoneal Metastasis",RECRUITING,PHASE2,40,Ruijin Hospital,"Cadonilimab, LM-302, S-1, paclitaxel",1-year survival rate,China,2025-02-25,2027-01,,https://clinicaltrials.gov/study/NCT06519591,2026-09-14T00:38:49.700413+00:00
NCT03991065,Risk of GAstric Adenocarcinoma After Cephalic Duodenopancreatectomy,UNKNOWN,NA,800,Assistance Publique - Hôpitaux de Paris,high digestive endoscopy,the incidence rate of gastric cancer or high grade dysplasia in patients who had CPD 10 or more years ago in the sample of patients who performed the protocol endoscopy,France,2020-01-16,2024-10-01,,https://clinicaltrials.gov/study/NCT03991065,2026-09-14T00:38:49.700419+00:00
NCT04162665,Pre-operative Adaptive Short Court Radiation Therapy in Gastric Cancer,TERMINATED,PHASE2,4,Washington University School of Medicine,Adaptive short course radiation therapy; Standard of care chemotherapy regimen,Complete Pathologic Response (pCR - Primary and Nodal) Rate,United States,2020-02-14,2023-12-18,,https://clinicaltrials.gov/study/NCT04162665,2026-09-14T00:38:49.700425+00:00
NCT01558011,Using Genetic Polymorphisms to Predict the Efficacy and Toxicity - A Gastric Adenocarcinoma Study,TERMINATED,PHASE2,51,"National Health Research Institutes, Taiwan","Capecitabine, Oxaliplatin, Docetaxel",Objective response rate,Taiwan,2012-03,2014-10,,https://clinicaltrials.gov/study/NCT01558011,2026-09-14T00:38:49.700430+00:00
NCT07408609,Perioperative Chemotherapy With Low-Dose Radiotherapy and Tislelizumab for Locally Advanced Gastric or Gastroesophageal Junction Adenocarcinoma,NOT_YET_RECRUITING,PHASE2,114,Jiangsu Cancer Institute & Hospital,Low Dose Radiotherapy Combined with Tislelizumab and Chemotherapy; Chemotherapeutic Agent; low-dose radiotherapy,Pathological Complete Response (pCR) Rate (ITT Population),,2026-02-26,2029-02-20,,https://clinicaltrials.gov/study/NCT07408609,2026-09-14T00:38:49.700436+00:00
NCT00023634,"S0114 Vaccine Therapy in Treating Patients With Gastric, Prostate, or Ovarian Cancer",TERMINATED,PHASE1,14,SWOG Cancer Research Network,KLH; GMCSF,toxicity,United States,2001-06,2008-11,,https://clinicaltrials.gov/study/NCT00023634,2026-09-14T00:38:49.700442+00:00
NCT02245971,A Study on Precutting Methods of Endoscopic Submucosal Dissection for Gastric Neoplasms Located at Lesser Curvature Side of Antrum,WITHDRAWN,NA,0,Yonsei University,Partial precutting; Whole precutting,Procedure time,South Korea,2013-07-26,2014-08-12,,https://clinicaltrials.gov/study/NCT02245971,2026-09-14T00:38:49.700449+00:00
NCT01516944,Perioperative Chemotherapy for Potentially Resectable Gastric Cancer,COMPLETED,PHASE2; PHASE3,749,Hebei Medical University,"Tegafur, Gimeracil and Oteracil Potassium Capsules；Oxaliplatin; Tegafur, Gimeracil and Oteracil Potassium Capsules；Oxaliplatin; Oxaliplatin; Capecitabine",Disease-free survival(DFS),China,2012-02,2018-04,,https://clinicaltrials.gov/study/NCT01516944,2026-09-14T00:38:49.700455+00:00
NCT04923932,Savolitinib for Treating Gastric Cancer and Esophagogastric Junction Adenocarcinoma Patients,COMPLETED,PHASE2,110,Hutchison Medipharma Limited,Savolitinib,Objective response rate (ORR) evaluated by the Independent Review Committee (IRC) (RECIST 1.1 criteria),China,2021-07-27,2026-04-21,,https://clinicaltrials.gov/study/NCT04923932,2026-09-14T00:38:49.700460+00:00
NCT04678492,Helicobacter Rescue Therapy With High-dose Esomeprazole and Amoxicillin Dual Therapy Versus Bismuth-containing Quadruple Therapy,COMPLETED,PHASE4,658,Xijing Hospital of Digestive Diseases,Esomeprazole; Amoxicillin; Bismuth; Esomeprazole; Tetracycline; Furazolidone,Helicobacter pylori eradication,China,2020-12-20,2021-12-20,,https://clinicaltrials.gov/study/NCT04678492,2026-09-14T00:38:49.700466+00:00
NCT06257264,A Study to Examine the Safety of Different Doses of BG-68501 Given to Participants With Advanced-Stage Tumors,ACTIVE_NOT_RECRUITING,PHASE1,103,BeiGene,BG-68501; Fulvestrant; BGB-43395,Part 1: Number of Participants with Adverse Events (AEs) and Serious Adverse Events (SAEs); Part 1: Maximum Tolerated Dose (MTD) or Maximum Administered Dose (MAD) of BG-68501; Part 1: Recommended dose(s) for Expansion (RDFE) of BG-68501 monotherapy in participants with solid tumors; Part 1: RDFE of BG-68501 in combination with fulvestrant and BGB-43395 in participants with HR+/HER2- BC; Part 2: Objective Response Rate (ORR),Australia; China; Israel; Moldova; New Zealand; United States,2024-03-11,2026-08-31,,https://clinicaltrials.gov/study/NCT06257264,2026-09-14T00:38:49.700476+00:00
NCT02198898,Anti-adhesion Effect of GUARDIX-SGⓇ in Gastric Cancer Surgery,UNKNOWN,PHASE3,224,The Catholic University of Korea,GUARDIX-SG,incidence of adhesive intestinal obstruction,South Korea,2013-07,2016-01,,https://clinicaltrials.gov/study/NCT02198898,2026-09-14T00:38:49.700481+00:00
NCT01741363,Screening for Stomach Diseases and Colorectal Neoplasms With the Fecal Testing,COMPLETED,NA,99314,National Taiwan University Hospital,FIT(Eiken OC-Sensor) Two-day sampling; FIT(Eiken OC-Sensor) One-year interval; FIT(Eiken OC-Sensor) One-day sampling; FIT(Eiken OC-Sensor) Two-year interval; HpSA (Firstep Helicobacter pylori Antigen Rapid Test); FIT only,Incidence of Stomach Cancer; Mortality of Stomach Cancer,Taiwan,2014-01-01,2020-12-31,,https://clinicaltrials.gov/study/NCT01741363,2026-09-14T00:38:49.700487+00:00
NCT06062225,Protocol for Comparing the Efficacy of Three Reconstruction Methods of the Digestive Tract After Proximal Gastrectomy,NOT_YET_RECRUITING,NA,180,Changzhi People's Hospital Affiliated to Changzhi Medical College,Kamikawa; STJI; SOFY,incidence of reflux esophagitis,,2023-10,2025-12,,https://clinicaltrials.gov/study/NCT06062225,2026-09-14T00:38:49.700493+00:00
NCT05159440,First in Human Study of TORL-2-307-MAB in Participants With Advanced Cancer,ACTIVE_NOT_RECRUITING,PHASE1,70,"TORL Biotherapeutics, LLC",TORL-2-307-MAB,Incidence and severity of adverse events and serious adverse events; Maximum Tolerated Dose (MTD); Recommended Phase 2 Dose (RP2D),South Korea; United States,2022-01-20,2024-12-15,,https://clinicaltrials.gov/study/NCT05159440,2026-09-14T00:38:49.700499+00:00
NCT00446290,"Study of Docetaxel, Capecitabine and Oxaliplatin in Advanced Stomach Cancer",COMPLETED,PHASE1,22,Asan Medical Center,"Docetaxel, Capecitabine and Oxaliplatin",Number of Participants With DLTs,South Korea,2006-03,2007-10,,https://clinicaltrials.gov/study/NCT00446290,2026-09-14T00:38:49.700504+00:00
NCT07183358,Family-Supervised Prehabilitation to Reduce Postoperative Complications After Neoadjuvant Chemotherapy in Gastric Cancer,NOT_YET_RECRUITING,NA,90,The Affiliated Hospital of Qingdao University,Family-supervised Multimodal Prehabilitation; Standard Care,Incidence of postoperative complications within 30 days after surgery,China,2025-09-20,2026-03-20,,https://clinicaltrials.gov/study/NCT07183358,2026-09-14T00:38:49.700510+00:00
NCT03745326,Administering Peripheral Blood Lymphocytes Transduced With a Murine T-Cell Receptor Recognizing the G12D Variant of Mutated RAS in HLA-A*11:01 Patients,TERMINATED,PHASE1; PHASE2,5,National Cancer Institute (NCI),Cyclophosphamide; Fludarabine; Aldesleukin; anti-Kirsten rat sarcoma virus (KRAS) Glycine(G) to Aspartic Acid(D) substitution at codon 12 peripheral blood lymphocytes (PBL); EKG; CT; MRI; PET; Chest x-ray; Photography,"Phase I: Number of Grades 1, 2, 3, 4, and/or 5 and Type of Serious and/or Non-serious Toxicities Experienced by Participants at Each Dose Level; Phase I: Percentage of Participants Who Experienced a Grade 3, 4 and/or 5 Serious Dose-Limiting Toxicity (DLT) Reported With Type at Each Dose Level; Phase II: Percentage of Participants With a Clinical Response (Complete Response (CR) + Partial Response (PR) Reported With 80% Confidence Interval; Phase II: Percentage of Participants With a Clinical Response (Complete Response (CR) + Partial Response (PR) Reported With 95% Confidence Interval",United States,2019-05-16,2022-08-23,,https://clinicaltrials.gov/study/NCT03745326,2026-09-14T00:38:49.700518+00:00
NCT07507526,"A Study of Disitamab Vedotin, Tunlametinib, and PD-1 Antibody for Advanced Gastric Cancer",NOT_YET_RECRUITING,PHASE2,76,Sun Yat-sen University,Tunlametinib+PD-1 mAb,Objective response rate,China,2026-04,2028-04-30,,https://clinicaltrials.gov/study/NCT07507526,2026-09-14T00:38:49.700523+00:00
NCT05714878,Multimodal Prehabilitation for Resectable Gastric Cancer,COMPLETED,NA,70,Chinese PLA General Hospital,aerobic exercise; resistance exercise; nutritional support; psychological support,Duke Activity Status Index before surgery,China,2023-03-22,2023-12-31,,https://clinicaltrials.gov/study/NCT05714878,2026-09-14T00:38:49.700529+00:00
NCT00687843,Study of TS-1 or TS-1 + PSK for Gastric Cancer Patients,UNKNOWN,PHASE3,480,Tokyo Metropolitan Oncology Group,Tegafur-gimeracil-oteracil potassium (TS-1); Krestin (PSK),Relapse-free survival,Japan,2008-06,2016-03,,https://clinicaltrials.gov/study/NCT00687843,2026-09-14T00:38:49.700534+00:00
NCT07705035,DBC-664 in Adult Patients With Solid Tumors,RECRUITING,PHASE1,210,"Duboce Biopharmaceuticals, Inc.",DBC-664,Safety and Tolerability; Determine Recommended Dose for Expansion; Characterize Pharmacokinetics,United States,2026-07-17,2030-04-01,,https://clinicaltrials.gov/study/NCT07705035,2026-09-14T00:38:49.700541+00:00
NCT05207722,CYNK-101 in Combination with Trastuzumab and Pembrolizumab in Patients with Locally Advanced Unresectable or Metastatic HER2-Positive Gastric or Gastroesophageal Junction (G/GEJ) Adenocarcinoma,TERMINATED,PHASE1; PHASE2,1,Celularity Incorporated,CYNK-101; Pembrolizumab; Trastuzumab; Recombinant Human Interleukin-2; Cyclophosphamide; Fludarabine; Mesna,Dose-Limiting Toxicity (DLT); Maximum Tolerated Dose (MTD); Overall Response Rate (ORR) as determined by the RECIST 1.1 Investigator using RECIST 1.1.,United States,2022-04-14,2024-02-15,,https://clinicaltrials.gov/study/NCT05207722,2026-09-14T00:38:49.700551+00:00
NCT03857737,Endoscopic Submucosal Dissection Versus Surgery in the Treatment of Early Gastric Cancer,NOT_YET_RECRUITING,NA,300,Peking University Third Hospital,endoscopic submucosal dissection; Surgery,5-year OS; 5-year DSS,China,2019-03-01,2029-12-31,,https://clinicaltrials.gov/study/NCT03857737,2026-09-14T00:38:49.700556+00:00
NCT02623153,"Comparison Between XELOX and S1, Oxaliplatin and Docetaxel as Neoadjuvant Chemotherapy for Gastric Cancer",UNKNOWN,PHASE2,200,Tianshu Liu,Oxaliplatin; capecitabine; S1; Docetaxel,response rate,,2016-01,2017-12,,https://clinicaltrials.gov/study/NCT02623153,2026-09-14T00:38:49.700562+00:00
NCT00565370,Capecitabine and Cisplatin (XP)+Sorafenib in Advanced Gastric Cancer (AGC): Sorafenib+XP,COMPLETED,PHASE1; PHASE2,22,Asan Medical Center,"Capecitabine, Cisplatin, Sorafenib",Number of Participants Who Experienced Dose Limiting Toxicities (DLTs); Progression-free Survival,South Korea,2007-11,2009-12,,https://clinicaltrials.gov/study/NCT00565370,2026-09-14T00:38:49.700568+00:00
NCT02406170,Regorafenib in Combination With Paclitaxel in Advanced Oesophagogastric Carcinoma,COMPLETED,PHASE1; PHASE2,47,Academisch Medisch Centrum - Universiteit van Amsterdam (AMC-UvA),Regorafenib; Paclitaxel,Toxicity graded according to NCI Common Terminology Criteria for Adverse Events Version 4.0,Netherlands,2015-04,2019-10,,https://clinicaltrials.gov/study/NCT02406170,2026-09-14T00:38:49.700574+00:00
NCT02489422,Programs To Support You During Chemotherapy,COMPLETED,NA,44,Wake Forest University Health Sciences,Laboratory Biomarker Analysis; Questionnaire Administration; Daily Survey Administration; Yoga Skills Training; Attention Control; Actigraphy Assessment,Fatigue Assessed by the Patient-Reported Outcomes Measurement Information System (PROMIS),United States,2016-08,2020-01,,https://clinicaltrials.gov/study/NCT02489422,2026-09-14T00:38:49.700580+00:00
NCT05401045,Effect of a Self-designed MET Exercise Intervention on Cancer-related Fatigue in Patients With Gastric Cancer,COMPLETED,NA,119,Ruijin Hospital,Met exercises,Fatigue state using the Revised Piper Fatigue Scale (RPFS),China,2023-01-20,2023-06-17,,https://clinicaltrials.gov/study/NCT05401045,2026-09-14T00:38:49.700585+00:00
NCT04973475,Indocyanine Green Tracer Using in Laparoscopic Distal Gastrectomy for Early Gastric Cancer,UNKNOWN,PHASE2,180,Fujian Medical University,Indocyanine Green,False negative rate,China,2021-07,2023-07,,https://clinicaltrials.gov/study/NCT04973475,2026-09-14T00:38:49.700590+00:00
NCT01655641,Study of Tranexamic Acid for Reducing Blood Requirement in Patients Undergoing Major Gastro-intestinal Surgery,UNKNOWN,PHASE2; PHASE3,118,"Tribhuvan University Teaching Hospital, Institute Of Medicine.",Tranexamic acid; Standard of care,Primary objective of the study is to compare transfusion requirements and Mortality in patients receiving Tranexamic acid (Cyklokapron®) and those not receiving it.,Nepal,2012-07,2013-06,,https://clinicaltrials.gov/study/NCT01655641,2026-09-14T00:38:49.700595+00:00
